{
  "timestamp": "2026-03-14T15:33:53.215800",
  "temperature": 9.03,
  "current": 2.396,
  "vibration": 0,
  "predicted_days_to_failure": 18.568769454956055,
  "fault": false
}